t_s,cpu_avg_pct,cpu0_pct,cpu1_pct,cpu2_pct,cpu3_pct,mem_pct,soc_temp_C,arm_MHz,v3d_MHz
0.0,0.0,0.0,0.0,0.0,0.0,41.8,51.0,2400.0,960.0
0.53,20.4,22.0,19.2,11.8,28.8,41.9,50.5,2400.0,960.0
1.06,19.3,18.9,21.6,15.4,21.2,42.0,49.9,2400.0,960.0
1.59,28.8,22.6,62.7,14.3,15.7,42.1,51.6,2400.0,960.0
2.12,45.1,45.3,45.5,43.4,46.3,42.1,49.4,2400.0,960.0
2.65,0.5,1.9,0.0,0.0,0.0,42.1,50.5,2400.0,960.0
3.17,2.9,2.0,0.0,7.5,2.0,42.3,48.8,2400.0,960.0
3.7,1.9,1.9,0.0,5.7,0.0,42.3,51.0,2400.0,960.0
4.23,1.9,0.0,1.9,1.9,3.8,42.2,49.9,2400.0,960.0
4.75,3.8,3.7,1.9,7.5,1.9,42.2,49.9,2400.0,960.0
5.28,0.0,0.0,0.0,0.0,0.0,42.2,49.9,1500.0,500.0
5.8,2.4,1.9,0.0,7.7,0.0,42.2,48.8,1900.0,704.5
6.33,0.5,0.0,1.9,0.0,0.0,42.2,48.3,1500.0,500.0
6.85,1.9,0.0,0.0,7.7,0.0,42.1,49.4,1900.0,704.5
7.38,0.5,0.0,0.0,0.0,1.9,42.1,48.3,1500.0,500.0
7.91,2.8,1.9,0.0,9.4,0.0,42.1,47.2,1500.0,500.0
8.43,3.3,3.8,0.0,3.8,5.8,42.3,48.8,1700.0,960.0
8.97,10.4,3.8,9.4,15.1,13.2,42.9,49.4,1600.0,960.0
9.49,12.6,3.8,9.8,23.6,13.0,42.9,49.4,1700.0,960.0
10.02,13.1,17.0,14.5,18.9,2.0,42.9,49.4,1700.0,960.0
10.55,11.3,24.5,13.2,1.9,5.7,42.9,49.4,1800.0,960.0
11.08,14.6,27.8,8.0,13.5,9.3,42.9,49.4,1700.0,960.0
11.61,12.3,24.5,11.3,3.8,9.6,42.9,48.8,1700.0,960.0
12.14,14.3,25.0,13.2,11.3,7.7,42.9,49.4,1800.0,960.0
12.66,11.7,24.5,7.8,3.8,10.9,42.8,49.9,1800.0,960.0
13.2,15.8,24.1,14.8,17.0,7.4,42.9,49.9,2400.0,960.0
13.72,11.5,13.5,5.8,21.2,5.6,44.2,50.5,2400.0,960.0
14.25,4.7,3.8,3.8,11.3,0.0,42.6,49.9,2400.0,960.0
14.77,1.4,0.0,0.0,5.8,0.0,42.6,48.3,2400.0,960.0
15.3,0.0,0.0,0.0,0.0,0.0,42.6,48.8,2400.0,960.0
15.82,1.9,0.0,0.0,7.5,0.0,42.6,48.8,2400.0,960.0
16.35,0.0,0.0,0.0,0.0,0.0,42.5,48.8,2400.0,960.0
16.87,2.9,3.8,0.0,5.8,1.9,42.5,48.8,2400.0,960.0
17.4,1.9,1.9,1.9,1.9,1.9,42.5,48.8,2400.0,960.0
17.92,1.9,0.0,0.0,5.8,1.9,42.5,47.7,1500.0,500.0
18.45,0.0,0.0,0.0,0.0,0.0,42.5,47.7,1500.0,500.0
18.98,1.9,0.0,0.0,7.8,0.0,42.4,48.3,1500.0,500.0
19.5,0.0,0.0,0.0,0.0,0.0,42.5,48.3,1500.0,500.0
20.03,2.9,0.0,0.0,9.6,1.9,42.4,47.2,1500.0,500.0
20.55,0.9,1.9,1.9,0.0,0.0,42.4,47.7,1500.0,500.0
21.08,2.8,0.0,1.9,9.4,0.0,42.4,47.2,1500.0,500.0
21.61,0.5,0.0,1.9,0.0,0.0,42.4,48.3,1500.0,500.0
22.13,2.9,0.0,1.9,9.6,0.0,42.3,48.8,1500.0,500.0
22.66,0.0,0.0,0.0,0.0,0.0,42.3,46.6,1500.0,500.0
23.19,3.8,1.9,3.7,9.4,0.0,42.3,47.7,1500.0,500.0
23.71,1.9,0.0,1.9,5.8,0.0,42.3,47.7,1500.0,704.5
24.24,0.9,0.0,0.0,3.7,0.0,42.3,46.6,1500.0,500.0
24.77,3.8,1.9,0.0,9.6,3.8,42.3,48.8,2400.0,960.0
25.3,1.9,0.0,1.9,0.0,5.7,42.3,48.3,2400.0,960.0
25.82,2.9,1.9,1.9,5.9,2.0,42.3,48.8,2400.0,960.0
26.34,0.5,0.0,0.0,0.0,1.9,42.3,48.8,2400.0,960.0
26.87,2.8,0.0,1.9,9.3,0.0,42.2,48.3,2400.0,960.0
27.4,1.9,5.7,0.0,0.0,2.0,42.2,48.8,2400.0,960.0
27.92,1.4,0.0,0.0,5.8,0.0,42.2,47.7,2400.0,960.0
28.45,0.0,0.0,0.0,0.0,0.0,42.2,47.7,2400.0,960.0
28.97,1.4,0.0,0.0,5.8,0.0,42.2,49.4,2400.0,960.0
29.5,0.9,0.0,1.9,0.0,1.9,42.2,48.8,2400.0,960.0
30.02,2.4,0.0,1.9,7.5,0.0,42.2,48.3,1500.0,500.0
30.55,0.9,1.9,1.9,0.0,0.0,42.2,48.3,1600.0,960.0
31.07,4.3,2.0,0.0,13.2,1.9,42.2,47.7,2400.0,960.0
31.6,8.3,23.5,0.0,9.6,0.0,42.2,47.7,2400.0,960.0
32.13,13.3,30.2,1.9,13.5,7.8,42.2,48.8,2400.0,960.0
32.65,8.8,25.5,0.0,0.0,9.6,42.2,49.4,2400.0,960.0
33.18,10.3,18.9,0.0,13.2,9.3,42.2,48.8,2400.0,960.0
33.71,1.0,0.0,0.0,3.9,0.0,42.2,50.5,2400.0,960.0
34.23,2.3,0.0,3.6,1.9,3.7,42.2,48.3,2400.0,960.0
34.76,2.0,0.0,0.0,5.9,1.9,42.2,49.4,2400.0,960.0
35.29,0.0,0.0,0.0,0.0,0.0,42.2,48.3,2400.0,960.0
35.81,1.9,0.0,0.0,7.5,0.0,42.2,48.3,1600.0,960.0
36.34,2.8,9.4,0.0,0.0,1.9,42.2,48.8,1600.0,960.0
36.87,3.8,1.9,3.8,9.4,0.0,42.2,47.7,1500.0,500.0
37.39,0.5,0.0,1.9,0.0,0.0,42.3,48.3,1500.0,960.0
37.92,12.7,3.9,7.7,18.9,20.4,42.3,48.8,1900.0,960.0
38.45,35.0,25.5,29.8,15.1,69.8,42.5,48.3,2400.0,960.0
38.98,20.6,27.8,16.0,13.7,25.0,42.7,49.4,2400.0,960.0
39.51,19.1,19.2,30.2,11.5,15.4,42.8,48.3,2400.0,960.0
40.03,11.1,13.7,5.8,13.5,11.3,42.8,49.4,2400.0,960.0
40.56,4.7,7.5,5.6,1.9,3.8,42.8,49.9,2400.0,960.0
41.09,12.7,17.0,12.7,13.5,7.4,42.8,48.8,2400.0,960.0
41.61,3.8,5.8,5.6,2.0,1.9,42.8,47.7,2400.0,960.0
42.14,17.7,14.8,11.5,32.7,11.8,42.7,49.4,2400.0,960.0
42.67,29.1,9.8,25.9,51.9,28.8,42.9,49.9,2400.0,960.0
43.2,15.9,21.8,15.1,19.2,7.7,42.9,51.0,1800.0,960.0
43.74,45.5,26.9,32.7,98.1,24.5,43.1,49.4,2400.0,960.0
44.27,81.5,75.5,79.2,92.5,78.8,43.1,51.0,2400.0,960.0
44.8,34.5,24.0,26.9,60.4,26.9,43.2,51.0,2400.0,960.0
45.33,36.4,29.4,15.7,77.8,22.6,43.2,51.0,2400.0,960.0
45.86,37.0,31.4,22.2,63.5,30.8,43.3,49.9,2400.0,960.0
46.39,22.1,18.9,19.6,38.5,11.5,43.3,49.4,2400.0,960.0
46.92,20.8,13.7,9.6,39.2,20.8,43.3,49.4,2400.0,960.0
47.45,19.4,15.4,30.9,19.2,12.0,43.3,49.4,2400.0,960.0
47.97,21.9,30.8,27.5,9.6,19.6,43.3,48.8,2400.0,960.0
48.5,20.0,46.2,9.4,11.3,13.2,43.3,49.4,2400.0,960.0
49.03,26.6,37.7,22.0,16.0,30.8,43.2,49.9,2400.0,960.0
49.56,31.9,33.3,32.1,15.1,47.1,43.3,49.4,2400.0,960.0
50.09,22.0,13.7,19.6,11.5,43.1,43.4,49.4,2400.0,960.0
50.61,19.6,10.0,9.8,11.3,47.2,43.4,50.5,2400.0,960.0
51.14,24.2,12.5,23.1,13.2,48.1,43.3,49.9,2400.0,960.0
51.67,17.9,7.5,9.8,13.0,41.5,43.3,49.4,2400.0,960.0
52.2,16.9,11.8,23.1,12.0,20.8,43.2,51.0,2400.0,960.0
52.83,16.5,7.9,10.0,33.3,14.8,43.0,49.9,2400.0,960.0
53.36,14.5,11.3,7.7,11.5,27.5,43.0,50.5,1800.0,960.0
53.89,23.7,3.8,18.9,30.2,41.8,42.9,48.8,2400.0,960.0
54.42,19.4,13.7,9.6,42.6,11.8,42.9,50.5,2400.0,960.0
54.95,18.8,15.4,16.0,26.9,17.0,42.9,48.8,2400.0,960.0
55.47,22.6,15.4,15.1,34.5,25.5,42.9,49.9,2400.0,960.0
56.1,26.0,21.7,9.8,52.4,20.0,42.9,49.4,2400.0,960.0
56.63,69.7,68.6,62.7,84.9,62.7,42.9,51.6,2400.0,960.0
57.17,26.6,27.3,28.0,34.0,17.3,43.0,50.5,2400.0,960.0
57.7,21.6,15.4,48.1,11.3,11.8,43.0,49.4,2400.0,960.0
58.24,23.4,18.9,44.2,13.7,16.7,43.0,50.5,2400.0,960.0
58.87,20.1,42.9,12.9,10.2,14.3,43.0,50.5,2400.0,960.0
59.39,16.1,39.6,9.6,9.4,6.0,43.0,49.4,2400.0,960.0
59.92,22.9,46.2,19.2,9.6,16.7,43.0,49.9,2400.0,960.0
60.45,27.9,29.4,13.2,15.1,53.8,43.1,50.5,2400.0,960.0
60.98,41.5,33.9,31.4,29.6,71.2,42.9,51.0,2400.0,960.0
61.52,22.5,37.7,13.7,13.5,25.0,42.9,50.5,2400.0,960.0
62.04,14.7,15.7,10.0,23.1,10.0,42.9,50.5,2400.0,960.0
62.57,17.8,13.2,15.1,37.0,5.8,42.9,51.0,2400.0,960.0
63.1,11.5,17.0,9.6,7.7,11.5,42.9,49.9,2400.0,960.0
63.63,4.7,2.0,9.3,3.8,3.8,42.9,48.8,1600.0,960.0
